product_name,price
Kickerskick rover lace up boots in dark black leather,£70.00
ASOS DESIGN chelsea boots in brown suede with black sole,£35.00
ASOS DESIGN lace up calf boots in khaki faux nubuck with chunky sole and strap detail,£60.00
ASOS DESIGN chelsea boots in black leather,£35.00
ASOS DESIGN chelsea boots in black leather with chunky sole,£55.00
Dr Martens 1460 8 eye boots in beige milled nubuck,£149.00
ASOS DESIGN lace up boot in brown faux leather,£38.00
Palladium pampa overlab boots in white,£80.00
Dr Martens 2976 chelsea boots in all black,£149.00
ASOS DESIGN chelsea boots in brown faux suede,£28.00
Dr Martens 1460 8 eye pascal bex boots in black,£169.00
Dr Martens 2976 chelsea boots in brown,£149.00
Dr Martens 1460 8 eye bex boots in black,£169.00
Barbour Farsley leather chelsea boots in tan,£125.00
ASOS DESIGN chelsea calf boots in off white faux leather,£50.00
KOI vegan palantir chunky lace up boots in black,£90.00
ASOS DESIGN high lace up calf boots in black faux leather on chunky sole with pocket detail,£65.00
ASOS DESIGN chelsea calf boots on chunky sole in black faux leather with padded detail,£60.00
ASOS DESIGN lace up boot in black faux nubuck with chunky sole,£55.00
ASOS DESIGN Wide Fit chelsea boots in black faux leather with zips,£28.00
Palladium pampa overlab boots in black,£80.00
Dr Martens 2976 quad platform chelsea boots in black,£179.00
ASOS DESIGN Wide Fit chelsea boots in black leather with chunky sole,£55.00
ASOS DESIGN chukka boots in grey faux suede,£28.00
Clarks Originals desert coal boots in black suede,£120.00
Dr Martens vegan 1460 8-eye boots in black,£149.00
ASOS DESIGN lace up boots in brown leather with chunky sole,£55.00
Dr Martens bonny tech boots in black,£99.00
Dr Martens 1460 mono 8-eye boots in black,£149.00
Moss London suede chelsea boot in brown,£65.00
Base London berkley brogue boots in tan leather,£75.00
Barbour Farsley leather chelsea boots in black,£125.00
ASOS DESIGN chelsea calf boots in black faux leather,£50.00
ASOS DESIGN chelsea boots in black faux leather with black sole,£30.00
ASOS DESIGN lace up boots in black faux leather with chunky sole,£55.00
Base London seymour chelsea boots in tan leather,£75.00
ASOS DESIGN chelsea boots in black leather with chunky sole,£55.00
ASOS DESIGN desert boots in stone suede with leather detail,£38.00
ASOS DESIGN desert chukka boots in tan leather with suede detail,£38.00
ASOS DESIGN brogue boots in brown leather with black sole,£45.00
ASOS DESIGN cuban heel western chelsea boots in black faux leather with angular sole,£40.00
ASOS DESIGN cuban heel western Vegan chelsea boots in black faux leather,£30.00
ASOS DESIGN desert boots in black suede with leather detail,£38.00
ASOS DESIGN chelsea boots in tan faux suede,£28.00
ASOS DESIGN lace up boot in black faux leather with raised chunky sole,£45.00
ASOS DESIGN chelsea boots in black faux leather with zips,£28.00
ASOS DESIGN lace up boot in black faux suede with padded cuff detail,£40.00
ASOS DESIGN chelsea boots in black suede with black sole,£35.00
Dr Martens 1461 8 eye pascal boots in black,£149.00
ASOS DESIGN chelsea calf boots in black faux leather with translucent chunky sole,£60.00
ASOS DESIGN lace up boots in grey faux suede on chunky sole with metal toe cap,£65.00
KOI vegan chunky lace up ankle boots with chain detail in black,£85.00
KOI vegan chunky lace up boots with clear sole in black,£80.00
KOI vegan chunky lace up boots with strap detail in black,£90.00
ASOS DESIGN lace up boots in blue faux suede on chunky sole,£55.00
KOI vegan chunky buckle up boots in black,£120.00
Office bruno chelsea boot brown leather,£65.00
Bershka Chelsea boot in black,£45.99
Selected Homme chukka boot with chunky sole in beige,£70.00
Kickerskick hi winter lace up boots in olive leather,£70.00
Timberland 6 inch Premium zebra boots in black,£180.00
Dr Martens Bonny Wyoming 6 eye boots in black leather,£109.00
Dr Martens 1460 8-eye boots in black,£149.00
Dr Martens jadon 8-eye platform boots in black,£179.00
Timberland 6 inch Premium boots in tan,£180.00
Office bruno chelsea boot black leather,£65.00
ASOS DESIGN chelsea boot with chain strap detail and square toe in red patent,£45.00
Dr Martens x Basquiat 1460 8 Eye Boots,£159.00
Barbour Consett suede chukka boots in tan,£119.00
Kickerskick rover lace up boots in grey leather,£70.00
Barbour Ledger suede desert boots in stone,£89.95
ASOS DESIGN chelsea boots in brown leather,£35.00
product_name,price
Kickerskick rover lace up boots in dark black leather,£70.00
ASOS DESIGN chelsea boots in black leather,£35.00
ASOS DESIGN chelsea boots in black leather with chunky sole,£55.00
Dr Martens 1460 8 eye boots in beige milled nubuck,£149.00
ASOS DESIGN lace up boot in brown faux leather,£38.00
Palladium pampa overlab boots in white,£80.00
Dr Martens 2976 chelsea boots in all black,£149.00
ASOS DESIGN chelsea boots in brown faux suede,£28.00
Dr Martens 1460 8 eye pascal bex boots in black,£169.00
Dr Martens 2976 chelsea boots in brown,£149.00
Dr Martens 1460 8 eye bex boots in black,£169.00
Barbour Farsley leather chelsea boots in tan,£125.00
ASOS DESIGN chelsea calf boots in off white faux leather,£50.00
KOI vegan palantir chunky lace up boots in black,£90.00
KOI vegan chunky lace up ankle boots with chain detail in black,£85.00
KOI vegan chunky lace up boots with clear sole in black,£80.00
Hunter Originals insulated commando boots in black,£125.00
Palladium pampa unzipped boots in white,£80.00
H by Hudson troy lace up boots in tan waxed leather,£75.00
Dr Martens 1460 8 eye boots in black and green leather,£159.00
ASOS DESIGN lace up brogue boots in red faux leather on chunky sole,£38.00
ASOS DESIGN cuban heel western chelsea boot in grey faux suede with square toe with metal cap,£45.00
ASOS DESIGN Wide Fit high lace up boots in black leather,£65.00
Walk London alfie chelsea boots in black leather,£60.00
Kickerskick hi mash up lace up boots in grey leather,£68.00
KOI vegan chunky studded heeled lace up boots in black,£65.00
Dr Martens 10 eye Jadon hi boots in black,£189.00
UGG neumel utility boots in black,£140.00
ASOS DESIGN Wide Fit chelsea boots in brown faux leather with black sole,£30.00
Walk London Hornchurch chelsea boots in brown suede,£60.00
Palladium pampa travel lite boots in black,£90.00
Palladium classic pampa boots in monochrome grey,£65.00
Dr Martens 1460 mono 8-eye boots in black,£149.00
Barbour Seaham leather derby boots with side zip in black,£135.00
Pull&Bear lace up boots in black,£49.99
Bershka chunky zip up boots in black,£49.99
Barbour Farsley suede chelsea boots in tan,£125.00
Selected Homme suede chelsea boot in black,£90.00
Palladium classic pampa boots in monochrome black,£65.00
ASOS DESIGN Wide Fit lace up worker boots in tan leather,£45.00
Base London hadrian Chelsea boots in burnished brown leather,£85.00
ASOS DESIGN Desert boots in black suede with leather detail,£38.00
Timberland 6 inch Premium boots in black,£180.00
Timberland Sprint Trekker Mid boots in tan,£110.00
Timberland Field Trekker Low boots in black,£100.00
Timberland Field Trekker Low boots in tan,£100.00
ASOS DESIGN chelsea boots in grey faux suede,£28.00
ASOS DESIGN cuban heel western chelsea boots in red patent with silver chain,£45.00
ASOS DESIGN chelsea boots in black leather on angular sole,£65.00
Dr Martens 1460 pascal 8 eye boot in red,£149.00
Dr Martens vegan jadon platform boots in black,£179.00
ASOS DESIGN cuban heel western chelsea boots in black patent with gold chain,£45.00
Timberland Radford 6 Inch boots in black,£165.00
ASOS DESIGN Wide Fit desert chukka boots in tan leather with suede detail,£38.00
ASOS DESIGN Wide Fit lace up boots in black leather with chunky sole,£55.00
ASOS DESIGN Wide Fit chelsea boots in black leather with black sole,£35.00
ASOS DESIGN cuban heel western chelsea boots in brown faux leather with snake print angular sole and metal toe cap,£38.00
ASOS DESIGN chelsea boots in brown leather with brown sole,£35.00
The North Face Tsumoru boots in black,£100.00
ASOS DESIGN Wide Fit cuban heel western chelsea boots in black faux leather with angular sole,£40.00
ASOS DESIGN Wide Fit desert chukka boots in stone suede,£32.00
ASOS DESIGN Wide Fit desert chukka boots in black suede,£32.00
ASOS DESIGN lace up boots in black leather with chunky sole,£55.00
ASOS DESIGN chukka boots in brown faux suede,£28.00
Timberland 6 inch Premium boots in rust,£180.00
Selected Homme suede boot with thick sole in beige,£120.00
KOI vegan chunky heeled ankle boots in black,£65.00
Walk London alfie chelsea boots in brown leather,£60.00
Walk London hornchurch chelsea boots in beige suede,£60.00
ASOS DESIGN Vegan lace up boot in black faux leather,£38.00
Bershka lace up boots in black,£49.99
ASOS DESIGN heeled lace up boots in black leather on black platform sole,£80.00
ASOS DESIGN cuban heel western chelsea boots in black faux suede and studs with angular sole and metal toe cap,£38.00
Kickerskick hi winterised lace up boots in burgundy leather,£68.00
ASOS DESIGN Wide Fit chukka boots in grey faux suede,£28.00
ASOS DESIGN chelsea calf boots in off white leather with front zip detail on chunky sole,£70.00
ASOS DESIGN lace up boots in brown leather with chunky sole,£55.00
Dr Martens combs tech boots in beige,£99.00
ASOS DESIGN chukka boots in black faux suede,£28.00
Fred Perry Hawley suede desert boots in sand,£100.00
ASOS DESIGN chelsea calf boots in black faux leather,£50.00
ASOS DESIGN Wide Fit chelsea boots in brown faux suede,£28.00
ASOS DESIGN chelsea boots in black leather with black sole,£35.00
ASOS DESIGN Vegan lace up boots in brown faux leather,£30.00
ASOS DESIGN chelsea boots in grey suede with black sole,£35.00
ASOS DESIGN chelsea boots in grey suede with black sole,£35.00
ASOS DESIGN desert boots in tan suede,£32.00
ASOS DESIGN lace up boots in stone faux suede with stone sole,£40.00
ASOS DESIGN heeled chelsea boots with pointed toe in black leather with black sole,£65.00
ASOS DESIGN chelsea boots in brown faux leather with black sole,£30.00
ASOS DESIGN leather desert boots with suede detail in brown,£38.00
ASOS DESIGN chelsea boots in brown suede with black sole,£35.00
ASOS DESIGN desert boots in black suede,£32.00
ASOS DESIGN desert boots in brown suede,£32.00
ASOS DESIGN desert boots in black suede,£32.00
ASOS DESIGN brogue boots in tan leather with natural sole,£45.00
ASOS DESIGN chelsea boots in black faux suede,£28.00
Walk London Oliver chelsea boots in black leather with metal heel,£65.00
Walk London thriller cuban boots in black leather,£70.00
Dr Martens Jadon hardware boots in black,£189.00
schuh lace up boots in black leather,£65.00
ASOS DESIGN Wide Fit chelsea square toe boots in black high shine leather,£65.00
ASOS DESIGN chelsea calf boots on chunky sole in black faux leather,£60.00
H by Hudson battle boots in black high shine leather,£75.00
UGG neumel chukka boots in black,£130.00
UGG neumel chukka boots in tan,£130.00
Dr Martens 2976 vegan chelsea boots in black,£149.00
ASOS DESIGN chelsea square toe boots in black high shine leather,£65.00
Palladium pampa unzipped boots in black,£80.00
ASOS DESIGN Wide Fit lace up boots in stone faux suede with stone sole,£40.00
Base London forge lace up boot in waxy black leather,£80.00
Dr Martens 1460 8-eye boots in brown,£149.00
ASOS DESIGN Wide Fit chelsea boots in black leather with chunky sole,£55.00
Palladium pampa overlab boots in black,£80.00
ASOS DESIGN high lace up calf boots in black faux leather on chunky sole with pocket detail,£65.00
Dr Martens 1490 10-eye boots in black,£159.00
ASOS DESIGN Wide Fit chelsea boots in black faux leather with zips,£28.00
Base London seymour chelsea boots in taupe suede,£75.00
